{
  "accuracy": 0.9230769230769231,
  "precision": 0.8666666666666667,
  "recall": 1.0,
  "f1": 0.9285714285714286,
  "roc_auc": 0.9881656804733727,
  "pr_auc": 0.9893772893772894,
  "tp": 13,
  "tn": 11,
  "fp": 2,
  "fn": 0,
  "prediction_bias": 0.09217864329534686,
  "prediction_variance": 0.17634563734081227
}