{
  "accuracy": 0.8076923076923077,
  "precision": 0.7222222222222222,
  "recall": 1.0,
  "f1": 0.8387096774193549,
  "roc_auc": 0.8816568047337278,
  "pr_auc": 0.7966460889537812,
  "tp": 13,
  "tn": 8,
  "fp": 5,
  "fn": 0,
  "prediction_bias": 0.12546674921190537,
  "prediction_variance": 0.17186883289651386
}