{
  "n_runs": 2,
  "accuracy": {
    "mean": 0.4807692307692308,
    "std": 0.019230769230769218,
    "n": 2,
    "values": [
      0.5,
      0.46153846153846156
    ]
  },
  "precision": {
    "mean": 0.24,
    "std": 0.24,
    "n": 2,
    "values": [
      0.0,
      0.48
    ]
  },
  "recall": {
    "mean": 0.46153846153846156,
    "std": 0.46153846153846156,
    "n": 2,
    "values": [
      0.0,
      0.9230769230769231
    ]
  },
  "f1": {
    "mean": 0.3157894736842105,
    "std": 0.3157894736842105,
    "n": 2,
    "values": [
      0.0,
      0.631578947368421
    ]
  },
  "roc_auc": {
    "mean": 0.529585798816568,
    "std": 0.15680473372781062,
    "n": 2,
    "values": [
      0.6863905325443787,
      0.3727810650887574
    ]
  },
  "pr_auc": {
    "mean": 0.528715269584757,
    "std": 0.12487167131166216,
    "n": 2,
    "values": [
      0.6535869408964192,
      0.4038435982730949
    ]
  },
  "prediction_bias": {
    "mean": 0.05740905937494434,
    "std": 0.023558350545019868,
    "n": 2,
    "values": [
      0.03385070882992447,
      0.0809674099199642
    ]
  },
  "prediction_variance": {
    "mean": 0.049633146622013444,
    "std": 0.007724990004159955,
    "n": 2,
    "values": [
      0.04190815661785349,
      0.0573581366261734
    ]
  }
}