{
  "accuracy": 0.46153846153846156,
  "precision": 0.48,
  "recall": 0.9230769230769231,
  "f1": 0.631578947368421,
  "roc_auc": 0.3727810650887574,
  "pr_auc": 0.4038435982730949,
  "tp": 12,
  "tn": 0,
  "fp": 13,
  "fn": 1,
  "prediction_bias": 0.0809674099199642,
  "prediction_variance": 0.0573581366261734,
  "n_params": 260
}