{
  "accuracy": 0.5,
  "precision": 0.0,
  "recall": 0.0,
  "f1": 0.0,
  "roc_auc": 0.6745562130177515,
  "pr_auc": 0.5583220139126307,
  "tp": 0,
  "tn": 13,
  "fp": 0,
  "fn": 13,
  "prediction_bias": -0.16127866084687936,
  "prediction_variance": 0.055774174824403805,
  "n_params": 27,
  "architecture": "cong"
}