{
  "accuracy": 0.5,
  "precision": 0.0,
  "recall": 0.0,
  "f1": 0.0,
  "roc_auc": 0.6686390532544378,
  "pr_auc": 0.5846304959604193,
  "tp": 0,
  "tn": 13,
  "fp": 0,
  "fn": 13,
  "prediction_bias": 0.27222327756358056,
  "prediction_variance": 0.03581021544408517,
  "n_params": 27,
  "architecture": "cong"
}