{
  "accuracy": 0.5,
  "precision": 0.0,
  "recall": 0.0,
  "f1": 0.0,
  "roc_auc": 0.3431952662721893,
  "pr_auc": 0.3901577831373486,
  "tp": 0,
  "tn": 13,
  "fp": 0,
  "fn": 13,
  "prediction_bias": 0.08273820232809626,
  "prediction_variance": 0.06248850008981973,
  "hidden_layer_sizes": [
    2
  ]
}