{
  "accuracy": 0.7692307692307693,
  "precision": 0.7058823529411765,
  "recall": 0.9230769230769231,
  "f1": 0.8,
  "roc_auc": 0.8224852071005917,
  "pr_auc": 0.8066325265985899,
  "tp": 12,
  "tn": 8,
  "fp": 5,
  "fn": 1,
  "prediction_bias": 0.18089769860272575,
  "prediction_variance": 0.04098717750037439,
  "n_params": 33,
  "architecture": "hur"
}