{
  "accuracy": 0.2692307692307692,
  "precision": 0.25,
  "recall": 0.23076923076923078,
  "f1": 0.24,
  "roc_auc": 0.20710059171597633,
  "pr_auc": 0.3449217231330726,
  "tp": 3,
  "tn": 4,
  "fp": 9,
  "fn": 10,
  "prediction_bias": 0.0013140913618306937,
  "prediction_variance": 0.041576750262405544,
  "n_params": 33,
  "architecture": "hur"
}