{
  "accuracy": 0.5,
  "precision": 0.0,
  "recall": 0.0,
  "f1": 0.0,
  "roc_auc": 0.6863905325443787,
  "pr_auc": 0.6535869408964192,
  "tp": 0,
  "tn": 13,
  "fp": 0,
  "fn": 13,
  "prediction_bias": 0.03385070882992447,
  "prediction_variance": 0.04190815661785349
}