{
  "n_runs": 2,
  "accuracy": {
    "mean": 0.5,
    "std": 0.0,
    "n": 2,
    "values": [
      0.5,
      0.5
    ]
  },
  "precision": {
    "mean": 0.0,
    "std": 0.0,
    "n": 2,
    "values": [
      0.0,
      0.0
    ]
  },
  "recall": {
    "mean": 0.0,
    "std": 0.0,
    "n": 2,
    "values": [
      0.0,
      0.0
    ]
  },
  "f1": {
    "mean": 0.0,
    "std": 0.0,
    "n": 2,
    "values": [
      0.0,
      0.0
    ]
  },
  "roc_auc": {
    "mean": 0.6538461538461539,
    "std": 0.24556213017751471,
    "n": 2,
    "values": [
      0.8994082840236686,
      0.40828402366863914
    ]
  },
  "pr_auc": {
    "mean": 0.6555904844408058,
    "std": 0.2257791514537168,
    "n": 2,
    "values": [
      0.8813696358945227,
      0.42981133298708907
    ]
  },
  "prediction_bias": {
    "mean": 0.13913349438447425,
    "std": 0.014700516410591502,
    "n": 2,
    "values": [
      0.15383401079506576,
      0.12443297797388275
    ]
  },
  "prediction_variance": {
    "mean": 0.06724945781411275,
    "std": 0.001523844239445113,
    "n": 2,
    "values": [
      0.06877330205355786,
      0.06572561357466764
    ]
  }
}