{
  "accuracy": 0.5,
  "precision": 0.0,
  "recall": 0.0,
  "f1": 0.0,
  "roc_auc": 0.8994082840236686,
  "pr_auc": 0.8813696358945227,
  "tp": 0,
  "tn": 13,
  "fp": 0,
  "fn": 13,
  "prediction_bias": 0.15383401079506553,
  "prediction_variance": 0.06877330205355779,
  "n_params": 260
}