{
  "accuracy": 0.5,
  "precision": 0.0,
  "recall": 0.0,
  "f1": 0.0,
  "roc_auc": 0.40828402366863914,
  "pr_auc": 0.42981133298708907,
  "tp": 0,
  "tn": 13,
  "fp": 0,
  "fn": 13,
  "prediction_bias": 0.12443297797388275,
  "prediction_variance": 0.06572561357466769,
  "n_params": 260
}