{
  "accuracy": 0.6153846153846154,
  "precision": 0.6363636363636364,
  "recall": 0.5384615384615384,
  "f1": 0.5833333333333334,
  "roc_auc": 0.6863905325443787,
  "pr_auc": 0.6235230493488413,
  "tp": 7,
  "tn": 9,
  "fp": 4,
  "fn": 6,
  "prediction_bias": 0.018278564980376277,
  "prediction_variance": 0.07390219753908332,
  "n_params": 42,
  "architecture": "ttn"
}