{
  "accuracy": 0.6923076923076923,
  "precision": 0.7777777777777778,
  "recall": 0.5384615384615384,
  "f1": 0.6363636363636364,
  "roc_auc": 0.5621301775147929,
  "pr_auc": 0.7189215766771628,
  "tp": 7,
  "tn": 11,
  "fp": 2,
  "fn": 6,
  "prediction_bias": 0.031826537563256596,
  "prediction_variance": 0.04492504778975466,
  "n_params": 42,
  "architecture": "ttn"
}